familia,importancia_shap,porcentaje,porcentaje_acumulado
Suelo,1.0059403,30.044683,30.044683
Clima,0.6043761,18.05106,48.09574
Territorial (Zona Vulnerable),0.5079563,15.171266,63.267006
Espacial (Coordenadas),0.3492434,10.430944,73.69795
Agricultura (SIGPAC),0.24506351,7.3193765,81.01733
Vegetación (NDVI),0.22118779,6.606274,87.623604
Temporal (Año/Mes),0.22038051,6.5821624,94.205765
Cobertura del suelo (CLC),0.11444593,3.4181867,97.623955
Territorial (Naturaleza/Red),0.07955338,2.3760417,100.0
