{
    "accuracy": 0.8382978723404255,
    "balanced_accuracy": 0.8173122907699666,
    "precision_macro": 0.7875375375375375,
    "recall_macro": 0.8173122907699666,
    "f1_macro": 0.7916124993981414,
    "f1_afectada": 0.9130434782608695,
    "f1_normal": 0.8571428571428571,
    "f1_riesgo": 0.6046511627906976,
    "precision_riesgo": 0.5,
    "recall_riesgo": 0.7647058823529411
}