{
    "accuracy": 0.8638297872340426,
    "balanced_accuracy": 0.8411218145794903,
    "precision_macro": 0.8123732040274775,
    "recall_macro": 0.8411218145794903,
    "f1_macro": 0.8178394826162366,
    "f1_afectada": 0.9401709401709402,
    "f1_normal": 0.8627450980392157,
    "f1_riesgo": 0.6506024096385542,
    "precision_riesgo": 0.5510204081632653,
    "recall_riesgo": 0.7941176470588235
}