metrica,valor
f1_macro_mean,0.583054999080199
f1_macro_std,0.06680792601855644
accuracy_mean,0.6808611372460888
f1_riesgo_mean,0.24753700901773285
f1_riesgo_std,0.10233103968370857
