metrica,valor
accuracy,0.7901234567901234
balanced_accuracy,0.7801120448179272
f1_macro,0.7486795304632117
f1_riesgo,0.5806451612903226
