metrica,valor
f1_macro_mean,0.5931274591388525
f1_macro_std,0.03855418860304498
accuracy_mean,0.6895991002600811
f1_riesgo_mean,0.27223389099819306
f1_riesgo_std,0.028630868784539486
