Configuración,F1 Macro (Mean),F1 Macro (Std),Accuracy (Mean),Balanced Acc (Mean),Precision Macro (Mean),Recall Macro (Mean),F1 Riesgo (Mean)
LR sin ponderación,0.7546953087596597,0.03698686673966708,0.8292524746842644,0.7469190174154713,0.7689416838855381,0.7469190174154713,0.5051232035973627
LR ponderada (balanced),0.7463331261112766,0.012563454540434187,0.7886960973944703,0.775956346889531,0.7472030040978456,0.775956346889531,0.5351324443542191
RF sin ponderación,0.7880327786799721,0.03358417598786352,0.8473830925019911,0.7849277355025768,0.793782623965037,0.7849277355025768,0.5795134061569016
RF ponderado (balanced),0.7884572258751188,0.027733409109796034,0.8484696780065992,0.783128366387045,0.7971311139074645,0.783128366387045,0.5833306049692604
XGB sin ponderación,0.789417500424496,0.029781779997507866,0.8559278643759244,0.7820323177023438,0.7998387022667512,0.7820323177023438,0.5656298699450752
XGB ponderado (sample_weight),0.810683959967245,0.024737922097552652,0.8655649106838093,0.8093793208574842,0.8133244534135526,0.8093793208574842,0.6167320261437909
