Configuración,F1 Macro (Mean),F1 Macro (Std),Accuracy (Mean),Balanced Acc (Mean),Precision Macro (Mean),Recall Macro (Mean),F1 Riesgo (Mean)
LR sin ponderación,0.757869004497852,0.03467514820191456,0.8377858686995108,0.7504181288690435,0.7723117201268567,0.7504181288690435,0.49011416490486254
LR ponderada (balanced),0.7703342602192187,0.019188356197035416,0.8121799977244283,0.7993273078379461,0.7681902813095951,0.7993273078379461,0.5648700741677972
RF sin ponderación,0.792033436738609,0.04062826425952888,0.8495335077938332,0.7908649085282158,0.7956754200517778,0.7908649085282158,0.584270955768636
RF ponderado (balanced),0.7849181724011036,0.02419671898201322,0.8484639890772556,0.7809232480154467,0.7923168133316321,0.7809232480154467,0.5658788880678948
XGB sin ponderación,0.788794476186818,0.024241522451981547,0.8580669018090796,0.7807453855643478,0.8011705408556906,0.7807453855643478,0.5541168614013832
XGB ponderado (sample_weight),0.8003035465782368,0.020466698923090693,0.8591534873136876,0.8008500116973428,0.8010899349985054,0.8008500116973428,0.5896240747029488
