metrica,valor
accuracy,0.8271604938271605
balanced_accuracy,0.8093837535014007
f1_macro,0.7830594476157527
f1_riesgo,0.6
